Actual,Predicted
343.0,67.6947
303.0,58.07882
500.0,69.785255
