Actual,Predicted
343.0,590.38367
303.0,519.5858
500.0,661.37024
