year,month_num,predicted_count
2022,1,666.1371
2022,2,592.77356
2022,3,521.6238
2022,4,477.16315
2022,5,476.48648
2022,6,483.48868
2022,7,490.73874
2022,8,497.98874
2022,9,508.0851
2022,10,534.996
2022,11,600.0591
2022,12,680.3318
