year,month_num,predicted_count
2022,1,655.25836
2022,2,582.296
2022,3,511.23874
2022,4,467.4815
2022,5,462.92297
2022,6,473.4902
2022,7,484.05682
2022,8,494.6235
2022,9,508.5672
2022,10,547.584
2022,11,614.8706
2022,12,695.98804
