year,month_num,predicted_count
2022,1,67.332954
2022,2,59.070045
2022,3,51.365723
2022,4,47.281948
2022,5,45.181007
2022,6,45.023277
2022,7,46.39421
2022,8,49.136383
2022,9,54.06803
2022,10,61.37285
2022,11,70.44692
2022,12,80.200035
