year,month_num,predicted_count
2022,1,609.2973
2022,2,542.3481
2022,3,475.3988
2022,4,435.4353
2022,5,428.69653
2022,6,440.9756
2022,7,454.30463
2022,8,467.63373
2022,9,481.92407
2022,10,519.27203
2022,11,582.2861
2022,12,661.3175
