Actual,Predicted
343.0,545.5075
303.0,480.30707
500.0,604.33563
