year,month_num,predicted_count
2022,1,603.6244
2022,2,538.0601
2022,3,473.62695
2022,4,426.69443
2022,5,412.3087
2022,6,422.81577
2022,7,433.32275
2022,8,443.82974
2022,9,454.90024
2022,10,486.85928
2022,11,542.2227
2022,12,612.73413
