year,month_num,predicted_count
2022,1,633.7524
2022,2,559.3066
2022,3,494.76923
2022,4,465.76373
2022,5,472.26245
2022,6,493.82733
2022,7,515.6443
2022,8,537.4621
2022,9,566.8818
2022,10,632.00665
2022,11,726.4477
2022,12,822.70013
