Actual,Predicted
343.0,716.04156
303.0,619.80457
500.0,628.4443
